{"cameraMode":{"drawMode":0,"name":"Shaded","section":"Shading Mode"},"sceneLighting":true,"audioPlay":false,"sceneViewState":{"showFog":false,"showMaterialUpdate":false,"showSkybox":false,"showFlares":false,"showImageEffects":false,"showParticleSystems":false},"in2DMode":false,"pivot":{"x":3.9345149993896486,"y":11.41407585144043,"z":1.9634251594543458},"rotation":{"x":0.11266633868217468,"y":-0.7724547386169434,"z":0.1433204859495163,"w":0.6084843873977661},"size":28.01212501525879,"orthographic":false}