{"cameraMode":{"drawMode":0,"name":"Shaded","section":"Shading Mode"},"sceneLighting":false,"audioPlay":false,"sceneViewState":{"showFog":false,"showMaterialUpdate":false,"showSkybox":false,"showFlares":false,"showImageEffects":false,"showParticleSystems":false},"in2DMode":false,"pivot":{"x":0.16148889064788819,"y":0.34636974334716799,"z":0.47974491119384768},"rotation":{"x":-0.12463227659463883,"y":-0.4614161252975464,"z":0.06562832742929459,"w":-0.8760278820991516},"size":2.052060842514038,"orthographic":false}