{"cameraMode":{"drawMode":0,"name":"Shaded","section":"Shading Mode"},"sceneLighting":false,"audioPlay":false,"sceneViewState":{"showFog":false,"showMaterialUpdate":false,"showSkybox":false,"showFlares":false,"showImageEffects":false,"showParticleSystems":false},"in2DMode":false,"pivot":{"x":-0.6389338970184326,"y":0.7007070779800415,"z":0.9998595714569092},"rotation":{"x":0.033240705728530887,"y":0.9662949442863464,"z":-0.16419389843940736,"w":0.19567501544952393},"size":4.5914459228515629,"orthographic":false}